"Timestamp","What is your official Company/Brand Name?","What domain name would you like to use? (e.g., yourcompany.com)"," Please upload your high-resolution Company Logo"," What are your primary brand colors? (If you have Hex codes like #FFFFFF, please provide them, otherwise just describe the vibe)","Briefly describe your company?
What is your mission? How long have you been operating?  ","Please upload high-quality photos of your products/prints for the website portfolio","Please upload 2-3 sample 3D CAD files (.STL, .OBJ, .GLB, etc.)
 We need these to test the 3D viewer on your platform.  ","What are the main 3D printing technologies you offer?","What materials do you currently print with?
e.g., PLA, ABS, PETG, Standard Resin, Tough Resin, Carbon Fiber, etc.  "," How do you structure your pricing/quotations?
Description: e.g., Base fee + Cost per gram? Hourly machine rate? Please provide your rough formula so we can build the quoting engine.","What is your official Business Contact Email?","What is your physical Studio/Office address?"," Any other specific features, pages, or integrations you need on the website?"
"2026/08/20 1:36:07 PM GMT+5:30","SHAPIO 3D TECHNOLOGIES ",".com","https://drive.google.com/u/0/open?usp=forms_web&id=1hrGjI8nFbc3KQI3UOirZ5Kbu5eKA8BYl;https://drive.google.com/u/0/open?usp=forms_web&id=1hn965ONAMFV_DjgoiAk88uF_673BEEgg;https://drive.google.com/u/0/open?usp=forms_web&id=1jpDYgVrvb89Cp23Bm5N2rDIOL2oO_h1-;https://drive.google.com/u/0/open?usp=forms_web&id=1d41H2-zi8SgkzsL8BrR9eNfMk2MAuWYM","* Primary Color: #01351D
* Background: #FFFFFF","Shapio 3D Technologies is an additive manufacturing and product development company offering FDM & SLA 3D printing, bulk production, rapid prototyping, engineering and mechanical products, robotic parts, medical applications, and customized manufacturing solutions.

We support businesses and industries from idea to final product — step by step, including concept development, 3D modelling, prototyping, testing, manufacturing, and production.

We specialize in bulk 3D printing and fast production, helping businesses meet their requirements with quality products and quick dispatch timelines.

Our capabilities extend across multiple industries, including engineering, mechanical, robotics, medical, education, consumer products, and custom manufacturing.

Alongside client projects, we also focus on our own product research and development, developing innovative and practical products from concept to market-ready solutions.

Our mission is to make advanced manufacturing accessible, reliable, and efficient while helping businesses turn ideas into real-world products faster.","https://drive.google.com/u/0/open?usp=forms_web&id=10XWJiRXaZ6Kgvuw51r8m38gCCykEiRMs","","FDM AND SLA","PLA, ABS, PETG, TPU, ASA, CF Standard Resin, Tough Resin, Carbon Fiber, etc","Cost per grm","shapio3dtech@gmail.com","Office Address;

No.216, Indira Nagar,
Ammanapakkam,
Chengalpattu – 603003
Tamil Nadu, India.
","."